Item Number Text,Location ID,Quantity,Inventory Item by Location: Last Modified Date,Last Issue Date,Serial Number,Division
FT-5246-S,AA1 Picking Lane,3655,2022-04-14,2022-04-14,,SOYPS
ITVB-0324-G,AA2 Picking Lane,2348,2022-06-01,2022-06-01,,SOYPS
UNNUY-6254-F,AA3 Picking Lane,3687,2022-10-28,2022-10-28,,SOYPS
OJUB-3734-WK,AB1 Picking Lane,2954,2022-10-23,2022-10-23,,SOYPS
AA-535873-T,AB2 Picking Lane,3558,2022-11-23,2022-11-23,,SOYPS
QIGK-39307-P,AB3 Picking Lane,2509,2022-09-09,2022-09-09,,SOYPS
OJUB-17046-H,AC1 Picking Lane,1643,2022-07-25,2022-07-25,,SOYPS
CQS-5246-L,AC2 Picking Lane,4416,2022-05-11,2022-05-11,,SOYPS
OKUQ-4805-CG,AC3 Picking Lane,2565,2022-05-24,2022-05-24,,SOYPS
COF-5627-AJ,AD1 Picking Lane,3989,2022-05-02,2022-05-02,,SOYPS
ZYPA-107-BC,AD2 Picking Lane,582,2022-11-23,2022-11-23,,SOYPS
RIPO-777-II,AD3 Picking Lane,3599,2022-11-18,2022-11-18,,SOYPS
WXSEI-4805-I,AE1 Picking Lane,4943,2022-07-14,2022-07-14,,SOYPS
AA-36771-H,AE2 Picking Lane,689,2022-11-20,2022-11-20,,SOYPS
XGDC-853653-WP,AE3 Picking Lane,4506,2022-12-27,2022-12-27,,SOYPS
YAMH-483324-I,BA1 Picking Lane,4728,2022-03-12,2022-03-12,,SOYPS
YBDDP-688102-BA,BA2 Picking Lane,2555,2022-08-22,2022-08-22,,SOYPS
BOZV-2273-H,BA3 Picking Lane,571,2022-04-15,2022-04-15,,SOYPS
BOZV-31316-K,BB1 Picking Lane,335,2022-09-07,2022-09-07,,SOYPS
EVPKN-4805-K,BB2 Picking Lane,615,2022-11-28,2022-11-28,,SOYPS
QDT-535873-L,BB3 Picking Lane,188,2022-05-12,2022-05-12,,SOYPS
YF-35881-L,BC1 Picking Lane,4942,2022-07-03,2022-07-03,,SOYPS
ZR-40573-G,BC2 Picking Lane,2922,2022-06-30,2022-06-30,,SOYPS
NWU-5246-Q,BC3 Picking Lane,2299,2022-06-11,2022-06-11,,SOYPS
DYGLSO-30794-DF,BD1 Picking Lane,4021,2022-09-05,2022-09-05,,SOYPS
COF-35281-L,BD2 Picking Lane,2193,2022-10-24,2022-10-24,,SOYPS
ZOJKP-4657-II,BD3 Picking Lane,2458,2022-06-11,2022-06-11,,SOYPS
ZG-316-Y,BE1 Picking Lane,329,2022-11-23,2022-11-23,,SOYPS
NWU-813-KA,BE2 Picking Lane,2620,2022-09-05,2022-09-05,,SOYPS
CLDGGZ-135-L,BE3 Picking Lane,1976,2022-05-06,2022-05-06,,SOYPS
UXSER-12480-C,CA1 Overstock,2141,2022-08-07,2022-08-07,,SOYPS
HP-316-EF,CA2 Overstock,1976,2022-10-24,2022-10-24,,SOYPS
HLKTY-31316-GH,CA3 Overstock,1723,2022-08-15,2022-08-15,,SOYPS
QIGK-36771-Q,CB1 Overstock,2975,2022-06-01,2022-06-01,,SOYPS
OKUQ-536-P,CB2 Overstock,1732,2022-10-30,2022-10-30,,SOYPS
BRUJ-872846-BF,CB3 Overstock,1170,2022-08-06,2022-08-06,,SOYPS
GVE-321655-DF,CC1 Overstock,46,2022-01-23,2022-01-23,,SOYPS
SYQSA-54193-L,CC2 Overstock,919,2022-07-29,2022-07-29,,SOYPS
EVPKN-316-DF,CC3 Overstock,3657,2022-07-30,2022-07-30,,SOYPS
STH-316-C,CD1 Overstock,2724,2022-10-02,2022-10-02,,SOYPS
WNBME-688102-V,CD2 Overstock,618,2022-08-07,2022-08-07,,SOYPS
GI-306-C,CD3 Overstock,1889,2022-11-19,2022-11-19,,SOYPS
DF-306-BF,CE1 Overstock,4671,2022-07-10,2022-07-10,,SOYPS
EWPWNO-57826-T,CE2 Overstock,2790,2022-02-20,2022-02-20,,SOYPS
ZYPA-494392-BF,CE3 Overstock,4422,2022-07-01,2022-07-01,,SOYPS
OKUQ-4223-QL,DA1 Overstock,1115,2022-06-06,2022-06-06,,SOYPS
DH-4311-MK,DA2 Overstock,4790,2022-10-18,2022-10-18,,SOYPS
OPNM-766972-N,DA3 Overstock,3785,2022-12-16,2022-12-16,,SOYPS
VOOFUX-8485-AJ,DB1 Overstock,1280,2022-12-18,2022-12-18,,SOYPS
IDX-14300-WK,DB2 Overstock,3660,2022-02-24,2022-02-24,,SOYPS
EY-8546-T,DB3 Overstock,612,2022-04-08,2022-04-08,,SOYPS
RIPO-5815-CG,DC1 Overstock,2540,2022-03-08,2022-03-08,,SOYPS
CWKLO-766972-QE,DC2 Overstock,3470,2022-06-18,2022-06-18,,SOYPS
YXU-30794-BS,DC3 Overstock,4198,2022-04-17,2022-04-17,,SOYPS
GI-536-WP,DD1 Overstock,4890,2022-09-18,2022-09-18,,SOYPS
NGRCVV-15244-MK,DD2 Overstock,885,2022-05-21,2022-05-21,,SOYPS
NMRR-585-TN,DD3 Overstock,4198,2022-01-07,2022-01-07,,SOYPS
DCC-65302-YG,DE1 Overstock,2082,2022-08-24,2022-08-24,,SOYPS
EWPWNO-4311-GH,DE2 Overstock,3668,2022-09-02,2022-09-02,,SOYPS
CWKLO-39307-Q,DE3 Overstock,2498,2022-02-28,2022-02-28,,SOYPS
ZOJKP-5763-Y,EA1 Overstock,877,2022-10-07,2022-10-07,,SOYPS
LO-458-IC,EA2 Overstock,4652,2022-04-06,2022-04-06,,SOYPS
NNLU-107-I,EA3 Overstock,1162,2022-08-11,2022-08-11,,SOYPS
WXSEI-11325-GH,EB1 Overstock,2425,2022-05-19,2022-05-19,,SOYPS
AWUGZ-152-V,EB2 Overstock,3666,2022-02-27,2022-02-27,,SOYPS
KCSIV-11434-T,EB3 Overstock,2680,2022-07-22,2022-07-22,,SOYPS
FG-722708-CG,EC1 Overstock,3409,2022-05-26,2022-05-26,,SOYPS
TDDWMP-21780-BF,EC2 Overstock,4219,2022-01-11,2022-01-11,,SOYPS
CZJ-73673-BU,EC3 Overstock,1917,2022-09-08,2022-09-08,,SOYPS
KNBYLA-4223-P,ED1 Overstock,1656,2022-06-13,2022-06-13,,SOYPS
HLKTY-446004-RN,ED2 Overstock,773,2022-11-27,2022-11-27,,SOYPS
IESALD-766972-L,ED3 Overstock,3999,2022-07-09,2022-07-09,,SOYPS
DCEEHL-5009-EF,EE1 Overstock,1740,2022-07-19,2022-07-19,,SOYPS
TDDWMP-458-L,EE2 Overstock,4762,2022-09-28,2022-09-28,,SOYPS
LXKT-0324-H,EE3 Overstock,4162,2022-09-13,2022-09-13,,SOYPS
